{"cameraMode":{"drawMode":0,"name":"Shaded","section":"Shading Mode"},"sceneLighting":false,"audioPlay":false,"sceneViewState":{"m_AlwaysRefresh":false,"showFog":true,"showSkybox":false,"showFlares":true,"showImageEffects":true,"showParticleSystems":true,"showVisualEffectGraphs":true,"m_FxEnabled":true},"in2DMode":false,"pivot":{"x":-8.886801719665528,"y":1.3346635103225709,"z":3.3273305892944338},"rotation":{"x":-0.029683208093047143,"y":-0.0006290242890827358,"z":-0.0001740274456096813,"w":0.9994363784790039},"size":0.7804074287414551,"orthographic":false}