{"cameraMode":{"drawMode":0,"name":"Shaded","section":"Shading Mode"},"sceneLighting":false,"audioPlay":false,"sceneViewState":{"m_AlwaysRefresh":false,"showFog":true,"showSkybox":false,"showFlares":true,"showImageEffects":true,"showParticleSystems":true,"showVisualEffectGraphs":true,"m_FxEnabled":true},"in2DMode":false,"pivot":{"x":1.1778286695480347,"y":-14.874821662902832,"z":1.6291087865829468},"rotation":{"x":0.29758238792419436,"y":0.7002821564674377,"z":-0.49021703004837038,"w":0.42488282918930056},"size":9.997994422912598,"orthographic":false}