{"cameraMode":{"drawMode":0,"name":"Shaded","section":"Shading Mode"},"sceneLighting":false,"audioPlay":false,"sceneViewState":{"m_AlwaysRefresh":false,"showFog":true,"showSkybox":false,"showFlares":true,"showImageEffects":true,"showParticleSystems":true,"showVisualEffectGraphs":true,"m_FxEnabled":true},"in2DMode":false,"pivot":{"x":-8.995522499084473,"y":1.2260382175445557,"z":2.122081756591797},"rotation":{"x":0.015282058157026768,"y":0.6907482147216797,"z":-0.014844593591988087,"w":0.7226040959358215},"size":0.7804074287414551,"orthographic":false}