{"cameraMode":{"drawMode":0,"name":"Shaded","section":"Shading Mode"},"sceneLighting":true,"audioPlay":false,"sceneViewState":{"m_AlwaysRefresh":false,"showFog":true,"showSkybox":true,"showFlares":true,"showImageEffects":true,"showParticleSystems":true,"showVisualEffectGraphs":true,"m_FxEnabled":true},"in2DMode":false,"pivot":{"x":7.8477020263671879,"y":1.5281774997711182,"z":101.87030029296875},"rotation":{"x":-0.10919788479804993,"y":0.8594741225242615,"z":-0.20362454652786256,"w":-0.45515626668930056},"size":2.451076030731201,"orthographic":false}