{"cameraMode":{"drawMode":0,"name":"Shaded","section":"Shading Mode"},"sceneLighting":true,"audioPlay":false,"sceneViewState":{"m_AlwaysRefresh":false,"showFog":true,"showSkybox":true,"showFlares":true,"showImageEffects":true,"showParticleSystems":true,"showVisualEffectGraphs":true,"m_FxEnabled":true},"in2DMode":false,"pivot":{"x":16.011783599853517,"y":-4.265680313110352,"z":129.98291015625},"rotation":{"x":0.10386209189891815,"y":0.03679807856678963,"z":-0.006071938201785088,"w":0.9934414029121399},"size":18.519447326660158,"orthographic":false}