{"cameraMode":{"drawMode":0,"name":"Shaded","section":"Shading Mode"},"sceneLighting":true,"audioPlay":false,"sceneViewState":{"m_AlwaysRefresh":false,"showFog":true,"showSkybox":true,"showFlares":true,"showImageEffects":true,"showParticleSystems":true,"showVisualEffectGraphs":true,"m_FxEnabled":true},"in2DMode":false,"pivot":{"x":-42.89741897583008,"y":9.957138061523438,"z":87.44071197509766},"rotation":{"x":-0.035998083651065829,"y":-0.8988313674926758,"z":0.07108473032712937,"w":-0.42895859479904177},"size":0.5516729950904846,"orthographic":false}