{"cameraMode":{"drawMode":0,"name":"Shaded","section":"Shading Mode"},"sceneLighting":true,"audioPlay":false,"sceneViewState":{"m_AlwaysRefresh":false,"showFog":true,"showSkybox":true,"showFlares":true,"showImageEffects":true,"showParticleSystems":true,"showVisualEffectGraphs":true,"m_FxEnabled":true},"in2DMode":false,"pivot":{"x":-1.5935661792755128,"y":1.108542561531067,"z":5.44176721572876},"rotation":{"x":-0.08409473299980164,"y":-0.10962516069412232,"z":0.003439936088398099,"w":-0.9903905391693115},"size":1.2247449159622193,"orthographic":false}