{"cameraMode":{"drawMode":0,"name":"Shaded","section":"Shading Mode"},"sceneLighting":true,"audioPlay":false,"sceneViewState":{"m_AlwaysRefresh":false,"showFog":true,"showSkybox":true,"showFlares":true,"showImageEffects":true,"showParticleSystems":true,"showVisualEffectGraphs":true,"m_FxEnabled":true},"in2DMode":false,"pivot":{"x":45.496490478515628,"y":-22.52326202392578,"z":126.90744018554688},"rotation":{"x":0.25002914667129519,"y":0.4640457332134247,"z":-0.13838116824626923,"w":0.8384462594985962},"size":30.30433464050293,"orthographic":false}