{"cameraMode":{"drawMode":0,"name":"Shaded","section":"Shading Mode"},"sceneLighting":true,"audioPlay":false,"sceneViewState":{"m_AlwaysRefresh":false,"showFog":true,"showSkybox":true,"showFlares":true,"showImageEffects":true,"showParticleSystems":true,"showVisualEffectGraphs":true,"m_FxEnabled":true},"in2DMode":false,"pivot":{"x":13.401256561279297,"y":-17.422840118408204,"z":183.6869354248047},"rotation":{"x":0.14677594602108003,"y":-0.001490546390414238,"z":0.000220679838093929,"w":0.9891589879989624},"size":55.33124923706055,"orthographic":false}