{"cameraMode":{"drawMode":0,"name":"Shaded","section":"Shading Mode"},"sceneLighting":false,"audioPlay":false,"sceneViewState":{"m_AlwaysRefresh":false,"showFog":true,"showSkybox":false,"showFlares":true,"showImageEffects":true,"showParticleSystems":true,"showVisualEffectGraphs":true,"m_FxEnabled":true},"in2DMode":false,"pivot":{"x":0.9366725087165833,"y":-1.3747249841690064,"z":0.37098535895347597},"rotation":{"x":-0.2536819875240326,"y":-0.7457489967346191,"z":0.45192041993141177,"w":-0.4186420142650604},"size":1.7077295780181885,"orthographic":false}