{"cameraMode":{"drawMode":0,"name":"Shaded","section":"Shading Mode"},"sceneLighting":false,"audioPlay":false,"sceneViewState":{"m_AlwaysRefresh":false,"showFog":true,"showSkybox":false,"showFlares":true,"showImageEffects":true,"showParticleSystems":true,"showVisualEffectGraphs":true,"m_FxEnabled":true},"in2DMode":false,"pivot":{"x":0.7553361058235169,"y":0.23078131675720216,"z":-2.0894622802734377},"rotation":{"x":-0.1674921214580536,"y":-0.016532640904188157,"z":0.002816498279571533,"w":-0.9857259392738342},"size":1.7077295780181885,"orthographic":false}